City_ID,City,Lat,Lng,Max Temp,Humidity,Cloudiness,Wind Speed,Country,Date
0,Geraldton,-28.7667,114.6,55.13,82,0,8.05,AU,2021-09-19 23:03:50
1,Guiglo,6.5456,-7.4966,71.62,98,97,2.35,CI,2021-09-19 23:07:36
2,Mahebourg,-20.4081,57.7,64.26,61,52,10.47,MU,2021-09-19 23:07:36
3,Vaini,-21.2,-175.2,72.32,71,72,17.18,TO,2021-09-19 23:07:36
4,Lipin Bor,60.2622,37.9763,33.76,86,96,10.13,RU,2021-09-19 23:07:37
5,Ancud,-41.8697,-73.8203,49.53,85,33,7.27,CL,2021-09-19 23:07:37
6,Jamestown,42.097,-79.2353,71.24,56,1,3.44,US,2021-09-19 23:06:17
7,Punta Arenas,-53.15,-70.9167,41.11,87,40,8.05,CL,2021-09-19 23:07:37
8,Qaanaaq,77.484,-69.3632,13.3,88,88,7.43,GL,2021-09-19 23:07:38
9,Iqaluit,63.7506,-68.5145,31.46,79,91,10.02,CA,2021-09-19 23:07:38
10,Cape Town,-33.9258,18.4232,57.11,86,44,1.01,ZA,2021-09-19 23:05:53
11,Codrington,-38.2667,141.9667,48.69,78,53,21.45,AU,2021-09-19 23:07:38
12,Khatanga,71.9667,102.5,31.41,98,100,12.77,RU,2021-09-19 23:07:39
13,Busselton,-33.65,115.3333,46.09,79,0,10.94,AU,2021-09-19 23:07:39
14,New Norfolk,-42.7826,147.0587,47.91,86,83,1.01,AU,2021-09-19 23:03:42
15,Quelimane,-17.8786,36.8883,64.87,63,7,3.31,MZ,2021-09-19 23:07:39
16,Tuatapere,-46.1333,167.6833,56.82,72,49,10.13,NZ,2021-09-19 23:07:40
17,Puerto Ayora,-0.7393,-90.3518,70.56,91,75,7.0,EC,2021-09-19 23:07:40
18,Meadow Lake,34.8014,-106.5436,85.96,24,29,8.39,US,2021-09-19 23:07:40
19,Kodiak,57.79,-152.4072,48.81,70,95,6.35,US,2021-09-19 23:07:41
20,Mataura,-46.1927,168.8643,56.48,56,64,6.11,NZ,2021-09-19 23:07:41
21,Asau,46.4333,26.4,48.96,98,44,4.09,RO,2021-09-19 23:07:41
22,Albany,42.6001,-73.9662,65.01,77,5,2.21,US,2021-09-19 23:06:09
23,Wundanyi,-3.4019,38.364,58.03,86,12,9.01,KE,2021-09-19 23:07:42
24,Saldanha,-33.0117,17.9442,58.64,80,88,8.59,ZA,2021-09-19 23:07:42
25,Kaitangata,-46.2817,169.8464,53.24,62,55,4.7,NZ,2021-09-19 23:07:42
26,Muros,42.7762,-9.0603,63.23,91,49,10.45,ES,2021-09-19 23:07:43
27,Rikitea,-23.1203,-134.9692,73.96,76,4,11.83,PF,2021-09-19 23:07:43
28,Kavieng,-2.5744,150.7967,83.53,70,54,8.72,PG,2021-09-19 23:07:43
29,Barrow,71.2906,-156.7887,30.22,86,90,21.85,US,2021-09-19 23:05:03
30,Balkanabat,39.5108,54.3671,75.99,21,0,14.67,TM,2021-09-19 23:07:44
31,Plouzane,48.3833,-4.6167,58.08,93,0,3.44,FR,2021-09-19 23:07:44
32,Walvis Bay,-22.9575,14.5053,54.09,80,3,10.29,NA,2021-09-19 23:07:44
33,Pevek,69.7008,170.3133,30.76,74,93,6.71,RU,2021-09-19 23:07:44
34,Brae,60.3964,-1.353,53.51,91,100,11.01,GB,2021-09-19 23:07:45
35,Hasaki,35.7333,140.8333,68.4,66,53,16.75,JP,2021-09-19 23:03:53
36,Port Macquarie,-31.4333,152.9167,64.36,35,0,3.44,AU,2021-09-19 23:07:45
37,Santiago Del Estero,-27.7951,-64.2615,80.8,39,100,8.14,AR,2021-09-19 23:07:43
38,Butaritari,3.0707,172.7902,83.05,69,65,14.65,KI,2021-09-19 23:03:24
39,Hilo,19.7297,-155.09,79.61,79,90,0.0,US,2021-09-19 23:07:39
40,Avarua,-21.2078,-159.775,80.65,69,40,12.66,CK,2021-09-19 23:05:26
41,Bunia,1.5667,30.25,62.26,91,69,1.45,CD,2021-09-19 23:07:46
42,Itarema,-2.9248,-39.9167,78.53,77,97,16.71,BR,2021-09-19 23:07:46
43,Cayenne,4.9333,-52.3333,83.08,79,0,4.0,GF,2021-09-19 23:06:13
44,Bubaque,11.2833,-15.8333,80.65,82,100,10.54,GW,2021-09-19 23:07:46
45,Padang,-0.9492,100.3543,75.25,84,98,3.51,ID,2021-09-19 23:07:46
46,Bredasdorp,-34.5322,20.0403,50.29,88,0,7.0,ZA,2021-09-19 23:03:36
47,Northam,51.0333,-4.2167,57.65,86,2,6.73,GB,2021-09-19 23:07:47
48,Bluff,-46.6,168.3333,56.8,69,82,16.89,NZ,2021-09-19 23:07:47
49,Quimper,48.0,-4.1,54.43,94,0,5.75,FR,2021-09-19 23:07:47
50,Faya,18.3851,42.4509,66.72,22,60,4.43,SA,2021-09-19 23:07:48
51,Butembo,0.15,29.2833,57.96,97,78,3.18,CD,2021-09-19 23:07:48
52,Lavrentiya,65.5833,-171.0,32.63,59,9,11.65,RU,2021-09-19 23:07:48
53,Ucluelet,48.9329,-125.5528,63.05,88,54,4.61,CA,2021-09-19 23:03:21
54,Ushuaia,-54.8,-68.3,39.13,96,76,3.53,AR,2021-09-19 23:07:49
55,Catabola,-12.15,17.2833,64.4,70,57,5.23,AO,2021-09-19 23:07:49
56,Samana,19.2056,-69.3369,82.36,82,16,7.31,DO,2021-09-19 23:07:49
57,Esperance,-33.8667,121.9,53.31,65,63,10.51,AU,2021-09-19 23:07:49
58,Emerald,-23.5333,148.1667,72.12,52,0,8.39,AU,2021-09-19 23:07:50
59,Bandar-E Lengeh,26.5579,54.8807,88.11,74,2,11.5,IR,2021-09-19 23:07:50
60,Kihei,20.785,-156.4656,87.82,61,40,20.71,US,2021-09-19 23:07:50
61,Nanortalik,60.1432,-45.2371,37.22,89,46,8.77,GL,2021-09-19 23:07:51
62,Saskylakh,71.9167,114.0833,28.35,93,100,4.94,RU,2021-09-19 23:07:51
63,Vigevano,45.3117,8.8611,60.22,84,25,6.06,IT,2021-09-19 23:07:51
64,Severo-Kurilsk,50.6789,156.125,50.59,87,99,16.64,RU,2021-09-19 23:07:52
65,Fortuna,40.5982,-124.1573,74.19,61,49,5.99,US,2021-09-19 23:07:52
66,Castro,-24.7911,-50.0119,64.31,95,51,4.27,BR,2021-09-19 23:07:52
67,Camana,-16.6228,-72.7111,60.85,83,69,6.6,PE,2021-09-19 23:07:53
68,Arraial Do Cabo,-22.9661,-42.0278,73.26,94,75,9.22,BR,2021-09-19 23:07:53
69,Vao,-22.6667,167.4833,67.28,66,100,13.62,NC,2021-09-19 23:07:53
70,Hobart,-42.8794,147.3294,48.25,76,40,3.0,AU,2021-09-19 23:07:45
71,Atuona,-9.8,-139.0333,78.31,77,33,21.56,PF,2021-09-19 23:04:02
72,Inzhavino,52.3185,42.4937,46.99,73,100,19.75,RU,2021-09-19 23:07:54
73,Nhamunda,-2.1861,-56.7131,78.08,77,69,3.49,BR,2021-09-19 23:07:54
74,Lagoa,39.05,-27.9833,68.65,63,62,11.97,PT,2021-09-19 23:07:54
75,Chokurdakh,70.6333,147.9167,28.26,70,95,9.48,RU,2021-09-19 23:07:55
76,Manzhouli,49.6,117.4333,46.87,64,87,2.3,CN,2021-09-19 23:07:55
77,Belaya Gora,68.5333,146.4167,28.63,69,100,13.85,RU,2021-09-19 23:07:56
78,Vila Velha,-20.3297,-40.2925,76.95,78,75,3.44,BR,2021-09-19 23:05:10
79,Pacific Grove,36.6177,-121.9166,82.58,73,1,7.0,US,2021-09-19 23:03:01
80,Bethel,41.3712,-73.414,70.48,73,1,3.44,US,2021-09-19 23:04:47
81,Longyearbyen,78.2186,15.6401,39.04,93,75,3.44,SJ,2021-09-19 23:07:56
82,Paramonga,-10.6667,-77.8333,61.11,82,16,11.18,PE,2021-09-19 23:07:57
83,Airai,-8.9266,125.4092,65.43,38,32,4.56,TL,2021-09-19 23:07:57
84,Anadyr,64.75,177.4833,34.3,60,40,6.71,RU,2021-09-19 23:07:57
85,Lompoc,34.6391,-120.4579,85.21,68,1,19.57,US,2021-09-19 23:07:57
86,Banda Aceh,5.5577,95.3222,75.25,88,100,15.1,ID,2021-09-19 23:07:58
87,Chapais,49.7834,-74.8492,54.0,62,57,5.75,CA,2021-09-19 23:07:58
88,Dubbo,-32.25,148.6167,55.53,71,0,5.75,AU,2021-09-19 23:07:58
89,Chuy,-33.6971,-53.4616,61.57,98,100,8.52,UY,2021-09-19 23:07:59
90,Haines Junction,60.7522,-137.5108,50.41,56,62,5.44,CA,2021-09-19 23:07:59
91,Ulaanbaatar,47.9077,106.8832,48.33,93,75,2.24,MN,2021-09-19 23:06:36
92,La Rioja,42.25,-2.5,52.05,89,46,2.91,ES,2021-09-19 23:05:26
93,East London,-33.0153,27.9116,61.2,82,13,9.82,ZA,2021-09-19 23:07:59
94,Terney,45.0503,136.6092,55.87,55,80,6.76,RU,2021-09-19 23:08:00
95,Xiongzhou,25.1167,114.3,78.22,88,0,2.68,CN,2021-09-19 23:08:00
96,Wladyslawowo,54.7909,18.4009,50.94,58,98,14.38,PL,2021-09-19 23:08:00
97,Morro Bay,35.3658,-120.8499,88.68,59,10,5.01,US,2021-09-19 23:08:00
98,Panjab,34.388,67.0233,48.15,27,3,4.21,AF,2021-09-19 23:08:01
99,Nikolskoye,59.7035,30.7861,40.89,77,100,8.99,RU,2021-09-19 23:08:01
100,Lorengau,-2.0226,147.2712,84.56,69,88,8.41,PG,2021-09-19 23:08:01
101,Cabo San Lucas,22.8909,-109.9124,91.62,70,20,12.66,MX,2021-09-19 23:08:02
102,Faanui,-16.4833,-151.75,77.94,75,79,18.19,PF,2021-09-19 23:08:02
103,Husavik,66.0449,-17.3389,45.54,87,99,5.08,IS,2021-09-19 23:08:02
104,Saint-Francois,46.4154,3.9054,58.48,94,90,9.22,FR,2021-09-19 23:08:03
105,Ribeira Grande,38.5167,-28.7,69.93,68,36,10.47,PT,2021-09-19 23:08:03
106,Bogovarovo,58.9785,47.0246,38.28,61,100,4.74,RU,2021-09-19 23:08:03
107,Port Elizabeth,-33.918,25.5701,54.1,87,17,8.08,ZA,2021-09-19 23:03:14
108,Leningradskiy,69.3833,178.4167,28.65,83,93,21.18,RU,2021-09-19 23:08:04
109,Matara,5.9485,80.5353,77.77,90,43,6.51,LK,2021-09-19 23:08:04
110,Culfa,38.9558,45.6308,68.25,49,0,4.85,AZ,2021-09-19 23:08:04
111,Olinda,-8.0089,-34.8553,76.73,69,20,8.05,BR,2021-09-19 23:08:05
112,Dikson,73.5069,80.5464,35.2,77,100,18.52,RU,2021-09-19 23:08:05
113,Hermanus,-34.4187,19.2345,56.89,77,0,14.18,ZA,2021-09-19 23:08:05
114,Lebu,-37.6167,-73.65,50.0,75,1,16.93,CL,2021-09-19 23:08:06
115,Lumberton,34.6182,-79.0086,88.34,56,100,9.06,US,2021-09-19 23:04:40
116,Oga,46.4631,10.347,44.24,98,100,7.11,IT,2021-09-19 23:08:06
117,Plettenberg Bay,-34.0527,23.3716,55.4,86,34,4.61,ZA,2021-09-19 23:08:06
118,Tuktoyaktuk,69.4541,-133.0374,41.58,61,37,14.88,CA,2021-09-19 23:03:17
119,Ilo,-17.6394,-71.3375,59.13,83,21,3.62,PE,2021-09-19 23:08:06
120,Ostrovnoy,68.0531,39.5131,36.61,80,23,7.29,RU,2021-09-19 23:08:07
121,Narsaq,60.9167,-46.05,43.02,85,70,3.0,GL,2021-09-19 23:03:39
122,College Station,30.628,-96.3344,95.22,50,1,4.61,US,2021-09-19 23:05:45
123,Salalah,17.0151,54.0924,80.69,89,75,4.61,OM,2021-09-19 23:08:07
124,Victoria,22.2855,114.1577,85.32,86,18,5.55,HK,2021-09-19 23:07:08
125,Atar,20.5169,-13.0499,87.76,41,80,18.77,MR,2021-09-19 23:08:07
126,Mar Del Plata,-38.0023,-57.5575,55.42,100,90,9.22,AR,2021-09-19 23:05:31
127,Vostok,46.4856,135.8833,47.43,62,18,2.33,RU,2021-09-19 23:08:08
128,Nenjiang,49.1833,125.2167,47.19,88,11,6.55,CN,2021-09-19 23:08:08
129,Noumea,-22.2763,166.4572,75.18,56,8,12.86,NC,2021-09-19 23:08:08
130,Szigetvar,46.0486,17.8055,61.14,79,96,2.1,HU,2021-09-19 23:08:09
131,Bathsheba,13.2167,-59.5167,81.21,74,20,1.14,BB,2021-09-19 23:08:09
132,Koupela,12.1794,-0.3517,80.58,66,3,8.46,BF,2021-09-19 23:08:09
133,Bonavista,48.6499,-53.1147,57.11,97,100,18.92,CA,2021-09-19 23:08:10
134,Paamiut,61.994,-49.6678,36.77,82,93,8.93,GL,2021-09-19 23:03:11
135,Clyde River,70.4692,-68.5914,30.06,62,83,3.06,CA,2021-09-19 23:03:15
136,Talnakh,69.4865,88.3972,35.1,90,100,6.85,RU,2021-09-19 23:03:11
137,Diamantino,-14.4086,-56.4461,86.29,18,1,5.59,BR,2021-09-19 23:08:10
138,Georgetown,5.4112,100.3354,78.73,97,20,3.44,MY,2021-09-19 23:08:10
139,Korla,41.7597,86.1469,72.12,24,0,3.62,CN,2021-09-19 23:04:26
140,Port Alfred,-33.5906,26.891,60.8,83,71,10.67,ZA,2021-09-19 23:08:11
141,George,-33.963,22.4617,54.7,80,7,3.44,ZA,2021-09-19 23:08:11
142,Yellowknife,62.456,-114.3525,46.9,56,98,7.34,CA,2021-09-19 23:08:11
143,Constitucion,-35.3333,-72.4167,50.54,81,2,14.2,CL,2021-09-19 23:08:12
144,Sitka,57.0531,-135.33,55.29,76,75,0.0,US,2021-09-19 23:08:12
145,Gigmoto,13.7796,124.39,82.38,80,100,5.7,PH,2021-09-19 23:08:12
146,Katsuura,35.1333,140.3,69.91,69,86,16.64,JP,2021-09-19 23:08:13
147,Hithadhoo,-0.6,73.0833,81.95,78,99,5.08,MV,2021-09-19 23:04:13
148,Sampit,-2.5333,112.95,72.99,94,39,1.12,ID,2021-09-19 23:08:13
149,Juneau,58.3019,-134.4197,55.85,86,75,4.61,US,2021-09-19 23:08:13
150,Buenos Aires,-34.6132,-58.3772,66.02,81,90,11.5,AR,2021-09-19 23:03:14
151,Warsaw,52.2298,21.0118,48.78,83,75,1.99,PL,2021-09-19 23:04:11
152,Toora-Khem,52.4675,96.11,43.2,73,4,1.72,RU,2021-09-19 23:08:14
153,Havoysund,70.9963,24.6622,49.08,75,95,10.94,NO,2021-09-19 23:08:14
154,Bambous Virieux,-20.3428,57.7575,64.22,61,69,10.78,MU,2021-09-19 23:08:14
155,Kedrovyy,56.1667,91.8167,46.81,81,65,5.28,RU,2021-09-19 23:08:15
156,Emba,48.8264,58.1442,42.82,43,28,6.44,KZ,2021-09-19 23:04:51
157,Were Ilu,10.6,39.4333,51.22,84,12,6.11,ET,2021-09-19 23:08:15
158,Jalu,29.0331,21.5482,85.03,26,0,7.94,LY,2021-09-19 23:08:15
159,Mongoumba,3.6415,18.5936,70.32,97,99,2.75,CF,2021-09-19 23:08:16
160,Castelo Do Piaui,-5.3222,-41.5525,90.05,27,89,3.31,BR,2021-09-19 23:08:16
161,Kochubey,44.3861,46.5825,65.21,76,87,8.93,RU,2021-09-19 23:08:16
162,Baykit,61.67,96.37,44.53,99,100,2.48,RU,2021-09-19 23:08:16
163,Saint-Pierre,-21.3393,55.4781,64.08,66,0,9.22,RE,2021-09-19 23:08:17
164,Touros,-5.1989,-35.4608,77.9,78,100,18.48,BR,2021-09-19 23:08:17
165,Saint-Georges,12.0564,-61.7485,80.08,77,49,4.41,GD,2021-09-19 23:08:17
166,Zaozerne,45.1582,33.2787,67.59,71,6,11.54,UA,2021-09-19 23:08:18
167,Inhambane,-23.865,35.3833,65.8,70,0,9.26,MZ,2021-09-19 23:08:18
168,Rawson,-43.3002,-65.1023,54.36,48,68,6.02,AR,2021-09-19 23:08:18
169,Phangnga,8.4509,98.5298,77.04,95,100,3.09,TH,2021-09-19 23:08:19
170,Saint George,37.1041,-113.5841,94.62,14,1,1.01,US,2021-09-19 23:07:03
171,Ponta Do Sol,32.6667,-17.1,74.03,69,94,5.79,PT,2021-09-19 23:08:19
172,Severnoye,56.3491,78.3619,34.93,97,100,9.78,RU,2021-09-19 23:08:19
173,Belyy Yar,53.6039,91.3903,51.69,66,0,4.47,RU,2021-09-19 23:08:19
174,Christchurch,-43.5333,172.6333,57.4,62,53,2.3,NZ,2021-09-19 23:08:20
175,Benjamin Constant,-4.3831,-70.0311,82.53,74,75,4.61,BR,2021-09-19 23:08:20
176,Zhangzhou,24.5133,117.6556,77.36,92,24,1.7,CN,2021-09-19 23:08:20
177,Hambantota,6.1241,81.1185,79.43,86,41,11.92,LK,2021-09-19 23:08:21
178,Soyo,-6.1349,12.3689,73.92,77,54,5.08,AO,2021-09-19 23:04:15
179,Astana,51.1801,71.446,39.15,65,75,13.42,KZ,2021-09-19 23:08:21
180,Tasiilaq,65.6145,-37.6368,33.96,74,85,1.3,GL,2021-09-19 23:08:21
181,Ternate,0.8,127.4,80.24,79,84,1.3,ID,2021-09-19 23:08:22
182,Pangkalanbuun,-2.6833,111.6167,73.38,92,46,1.95,ID,2021-09-19 23:08:22
183,Arlit,18.7369,7.3853,93.11,12,38,5.97,NE,2021-09-19 23:08:22
184,Karratha,-20.7377,116.8463,75.56,23,1,13.71,AU,2021-09-19 23:08:23
185,Miyako,39.6367,141.9525,68.27,58,94,1.99,JP,2021-09-19 23:08:23
186,Areal,-22.2306,-43.1056,69.03,90,2,4.43,BR,2021-09-19 23:08:23
187,Klaksvik,62.2266,-6.589,52.72,87,38,11.74,FO,2021-09-19 23:08:23
188,Carnarvon,-24.8667,113.6333,65.91,40,0,20.07,AU,2021-09-19 23:03:34
189,Montepulciano,43.1017,11.7868,62.08,70,93,1.72,IT,2021-09-19 23:08:24
190,Naraini,25.1833,80.4833,78.4,84,16,4.76,IN,2021-09-19 23:08:24
191,Turayf,31.6725,38.6637,75.18,24,0,6.69,SA,2021-09-19 23:08:24
192,Kahului,20.8947,-156.47,87.82,61,40,20.71,US,2021-09-19 23:08:25
193,Maniitsoq,65.4167,-52.9,35.69,57,86,15.19,GL,2021-09-19 23:08:25
194,Tiksi,71.6872,128.8694,34.48,74,100,19.51,RU,2021-09-19 23:08:25
195,Havre-Saint-Pierre,50.2334,-63.5986,50.41,74,3,14.14,CA,2021-09-19 23:08:26
196,Provideniya,64.3833,-173.3,33.91,55,20,11.18,RU,2021-09-19 23:08:26
197,Thompson,55.7435,-97.8558,57.36,77,75,16.11,CA,2021-09-19 23:08:26
198,Medzev,48.7004,20.8937,50.74,85,37,3.71,SK,2021-09-19 23:08:27
199,Zemaiciu Naumiestis,55.3592,21.7022,45.45,70,97,10.89,LT,2021-09-19 23:08:27
200,Labuhan,-6.8844,112.2051,77.22,78,28,9.4,ID,2021-09-19 23:08:27
201,Thinadhoo,0.5333,72.9333,82.56,75,84,6.26,MV,2021-09-19 23:08:28
202,Kachug,53.9606,105.8817,46.26,91,12,2.1,RU,2021-09-19 23:08:28
203,Salta,-24.7859,-65.4117,78.58,44,17,1.99,AR,2021-09-19 23:08:28
204,Adolfo Lopez Mateos,28.4667,-107.3,77.9,25,11,7.02,MX,2021-09-19 23:08:29
205,Hami,42.8,93.45,72.63,19,51,5.35,CN,2021-09-19 23:08:29
206,Kapaa,22.0752,-159.319,82.38,78,75,5.01,US,2021-09-19 23:08:29
207,Magistralnyy,56.1725,107.4458,44.33,89,22,1.25,RU,2021-09-19 23:08:29
208,Praya,14.9215,-23.5087,79.34,94,40,8.05,CV,2021-09-19 23:08:30
209,Sibu,2.3,111.8167,73.36,99,98,1.88,MY,2021-09-19 23:08:30
210,Nisia Floresta,-6.0911,-35.2086,77.81,74,96,13.65,BR,2021-09-19 23:08:30
211,Sao Joao Da Barra,-21.6403,-41.0511,73.94,88,9,8.75,BR,2021-09-19 23:08:31
212,Naze,28.3667,129.4833,76.19,71,21,2.28,JP,2021-09-19 23:08:31
213,Coihaique,-45.5752,-72.0662,46.35,57,40,5.75,CL,2021-09-19 23:08:31
214,Jorochito,-18.05,-63.4333,84.52,40,3,9.75,BO,2021-09-19 23:08:32
215,Vetluga,57.8557,45.781,30.18,88,45,4.43,RU,2021-09-19 23:08:32
216,Lata,40.1629,-8.3327,61.07,97,10,1.88,PT,2021-09-19 23:05:24
217,Bakchar,57.0186,82.0711,32.77,97,16,6.24,RU,2021-09-19 23:08:32
218,Zahnitkiv,48.0446,28.8958,46.99,80,99,11.5,UA,2021-09-19 23:08:33
219,Banikoara,11.2985,2.4386,75.43,90,44,3.85,BJ,2021-09-19 23:08:33
220,Upernavik,72.7868,-56.1549,25.52,63,73,7.52,GL,2021-09-19 23:03:49
221,Tongliao,43.6125,122.2653,52.41,80,100,10.45,CN,2021-09-19 23:08:33
222,Caravelas,-17.7125,-39.2481,72.19,80,22,6.98,BR,2021-09-19 23:08:34
223,Bantogon,6.5333,124.0333,77.65,80,100,3.44,PH,2021-09-19 23:08:34
224,Gat,31.61,34.7642,78.4,66,0,4.63,IL,2021-09-19 23:08:34
225,La Ronge,55.1001,-105.2842,55.62,54,100,9.62,CA,2021-09-19 23:08:34
226,Saint-Philippe,-21.3585,55.7679,63.99,71,4,7.27,RE,2021-09-19 23:08:35
227,Moose Factory,51.2585,-80.6094,63.84,65,89,13.53,CA,2021-09-19 23:08:35
228,Namibe,-15.1961,12.1522,61.05,84,16,4.72,AO,2021-09-19 23:05:26
229,Ilulissat,69.2167,-51.1,23.02,58,20,5.75,GL,2021-09-19 23:08:35
230,Broken Hill,-31.95,141.4333,57.16,61,0,20.58,AU,2021-09-19 23:08:36
231,Xai-Xai,-25.0519,33.6442,62.4,67,0,12.44,MZ,2021-09-19 23:08:36
232,Safakulevo,54.9901,62.5442,38.01,59,96,15.99,RU,2021-09-19 23:08:36
233,Ulladulla,-35.35,150.4667,66.78,42,0,8.52,AU,2021-09-19 23:08:37
234,Gbarnga,6.9956,-9.4722,70.34,99,100,1.9,LR,2021-09-19 23:08:37
235,Norwich,52.6278,1.2983,61.25,93,100,0.0,GB,2021-09-19 23:08:37
236,Weihe,32.9952,105.3247,52.5,84,1,5.53,CN,2021-09-19 23:08:38
237,Voyvozh,62.892,54.9635,32.74,82,98,9.66,RU,2021-09-19 23:08:38
238,Atlantic Beach,30.3344,-81.3987,81.0,85,75,11.5,US,2021-09-19 23:03:55
239,Saint-Augustin,51.226,-58.6502,51.1,49,6,9.33,CA,2021-09-19 23:08:38
240,Liling,27.6667,113.5,71.2,95,96,4.41,CN,2021-09-19 23:08:38
241,Cap Malheureux,-19.9842,57.6142,64.47,67,91,3.0,MU,2021-09-19 23:08:39
242,Weiser,44.251,-116.9693,69.48,39,99,16.8,US,2021-09-19 23:08:39
243,Amahai,-3.3333,128.9167,78.96,85,57,1.39,ID,2021-09-19 23:08:39
244,Ndioum,16.5129,-14.6471,94.55,35,34,9.4,SN,2021-09-19 23:08:40
245,Kruisfontein,-34.0033,24.7314,51.89,89,38,6.08,ZA,2021-09-19 23:08:40
246,Sterling,39.0062,-77.4286,77.32,78,20,4.61,US,2021-09-19 23:08:40
247,Yumen,40.2833,97.2,64.96,20,3,7.83,CN,2021-09-19 23:08:41
248,Tabuk,17.4189,121.4443,76.62,85,98,1.52,PH,2021-09-19 23:05:54
249,Vardo,70.3705,31.1107,44.65,75,100,23.49,NO,2021-09-19 23:08:41
250,Nandasmo,11.9241,-86.1207,78.55,79,64,7.38,NI,2021-09-19 23:08:41
251,Isla Mujeres,21.2311,-86.731,86.05,75,30,7.87,MX,2021-09-19 23:08:41
252,Karlskrona,56.1616,15.5866,39.65,60,98,12.17,SE,2021-09-19 23:08:42
253,Clarence Town,-32.5833,151.7833,70.05,36,0,5.95,AU,2021-09-19 23:08:42
254,Newport,51.5877,-2.9984,56.05,86,8,7.4,GB,2021-09-19 23:08:42
255,Bud,39.447,-86.1758,83.34,67,100,6.67,US,2021-09-19 23:08:43
256,Mitu,1.1983,-70.1733,78.93,78,100,1.34,CO,2021-09-19 23:04:25
257,Baruun-Urt,46.6806,113.2792,51.57,87,98,7.78,MN,2021-09-19 23:08:43
258,Okha,53.5739,142.9478,53.26,55,49,21.45,RU,2021-09-19 23:08:43
259,Bac Lieu,9.285,105.7244,78.46,84,100,3.06,VN,2021-09-19 23:08:44
260,Faro,37.0194,-7.9322,71.38,56,0,10.36,PT,2021-09-19 23:05:02
261,Kendari,-3.945,122.4989,74.73,96,100,3.78,ID,2021-09-19 23:08:44
262,Xining,36.6167,101.7667,43.84,73,3,2.68,CN,2021-09-19 23:08:45
263,Mazatlan,23.2167,-106.4167,87.91,77,75,3.0,MX,2021-09-19 23:08:45
264,Buala,-8.145,159.5921,82.11,78,100,8.97,SB,2021-09-19 23:08:45
265,Swift Current,50.2834,-107.8014,63.97,31,97,9.4,CA,2021-09-19 23:08:46
266,Enshi,30.3,109.4833,64.96,95,42,2.04,CN,2021-09-19 23:08:46
267,Miri,4.4148,114.0089,75.69,92,100,4.07,MY,2021-09-19 23:08:46
268,Zalantun,48.0,122.7167,47.39,89,95,1.5,CN,2021-09-19 23:08:46
269,San Andres,12.5847,-81.7006,84.22,79,75,9.22,CO,2021-09-19 23:08:47
270,Vychegodskiy,61.247,46.8984,37.04,73,100,4.54,RU,2021-09-19 23:08:47
271,Half Moon Bay,37.4636,-122.4286,80.92,64,20,10.36,US,2021-09-19 23:08:47
272,Malangali,-8.5667,34.85,60.84,85,6,12.08,TZ,2021-09-19 23:08:48
273,Agdas,40.65,47.4761,62.47,54,0,1.48,AZ,2021-09-19 23:08:48
274,Iquique,-20.2208,-70.1431,59.04,80,78,5.46,CL,2021-09-19 23:08:48
275,San Patricio,28.017,-97.5169,95.68,40,1,8.97,US,2021-09-19 23:08:49
276,Swan Hill,-35.3378,143.5544,51.6,78,99,14.76,AU,2021-09-19 23:08:49
277,Tagusao,9.1924,117.8141,80.06,82,94,3.44,PH,2021-09-19 23:08:49
278,Namie,37.4833,141.0,73.98,70,68,3.87,JP,2021-09-19 23:08:50
279,San Quintin,30.4833,-115.95,71.89,66,0,16.51,MX,2021-09-19 23:08:50
280,Monrovia,6.3005,-10.7969,76.48,88,100,5.82,LR,2021-09-19 23:08:50
281,Raudeberg,61.9875,5.1352,55.2,87,100,4.0,NO,2021-09-19 23:08:51
282,Tautira,-17.7333,-149.15,82.42,74,68,17.65,PF,2021-09-19 23:08:51
283,Jiangyou,31.7667,104.7167,63.97,83,30,4.99,CN,2021-09-19 23:08:51
284,Chake Chake,-5.2459,39.7666,74.79,83,9,11.63,TZ,2021-09-19 23:08:52
285,Benguela,-12.5763,13.4055,70.03,85,51,4.12,AO,2021-09-19 23:08:52
286,Kuusamo,65.9667,29.1833,37.44,87,75,3.44,FI,2021-09-19 23:08:52
287,Campos Altos,-19.6961,-46.1714,77.36,26,42,4.52,BR,2021-09-19 23:08:53
288,Sovetskiy,61.3614,63.5842,35.24,96,100,11.79,RU,2021-09-19 23:08:53
289,Ingham,42.6,-84.3833,78.98,68,40,9.22,US,2021-09-19 23:08:53
290,North Myrtle Beach,33.816,-78.68,80.26,81,1,5.99,US,2021-09-19 23:08:19
291,Torbay,47.6666,-52.7314,57.76,97,90,13.8,CA,2021-09-19 23:08:53
292,Izazi,-7.2,35.7333,72.82,54,1,4.65,TZ,2021-09-19 23:08:54
293,Qinhuangdao,39.9317,119.5883,64.53,96,100,27.11,CN,2021-09-19 23:08:54
294,Bandarbeyla,9.4942,50.8122,78.6,77,88,21.65,SO,2021-09-19 23:08:54
295,Mehamn,71.0357,27.8492,44.89,72,100,14.63,NO,2021-09-19 23:08:55
296,Molinella,44.6213,11.6686,68.13,65,36,3.85,IT,2021-09-19 23:08:55
297,Pisco,-13.7,-76.2167,62.65,77,0,17.27,PE,2021-09-19 23:08:55
298,Los Llanos De Aridane,28.6585,-17.9182,69.55,82,40,9.22,ES,2021-09-19 23:08:55
299,Guerrero Negro,27.9769,-114.0611,74.01,65,1,19.3,MX,2021-09-19 23:08:56
300,Praia Da Vitoria,38.7333,-27.0667,68.76,78,44,10.56,PT,2021-09-19 23:08:56
301,Luderitz,-26.6481,15.1594,54.1,86,0,9.82,NA,2021-09-19 23:06:22
302,Loukhi,66.0764,33.0381,33.62,87,6,1.86,RU,2021-09-19 23:08:56
303,Cheney,47.4874,-117.5758,65.25,48,75,18.41,US,2021-09-19 23:08:33
304,Puerto Rico,-26.796,-55.024,81.27,56,100,2.84,AR,2021-09-19 23:08:57
305,Nome,64.5011,-165.4064,40.15,48,40,8.05,US,2021-09-19 23:08:57
306,Peniche,39.3558,-9.3811,65.68,89,1,21.85,PT,2021-09-19 23:08:58
307,Imperia,43.9667,7.7833,62.4,77,4,5.82,IT,2021-09-19 23:08:58
308,Alofi,-19.0595,-169.9187,77.0,73,0,1.66,NU,2021-09-19 23:04:35
309,Carutapera,-1.195,-46.02,78.48,80,84,7.81,BR,2021-09-19 23:08:58
310,Hualmay,-11.0964,-77.6139,61.79,77,18,11.92,PE,2021-09-19 23:08:58
311,Lashio,22.9333,97.75,67.42,100,100,0.78,MM,2021-09-19 23:08:59
312,Sorong,-0.8833,131.25,78.73,85,100,4.83,ID,2021-09-19 23:08:59
313,Ojinaga,29.5667,-104.4167,100.58,17,1,0.0,MX,2021-09-19 23:08:59
314,Monte Alegre,-2.0078,-54.0692,79.86,74,96,4.29,BR,2021-09-19 23:09:00
315,Rassvet,46.8333,40.75,62.11,98,100,4.47,RU,2021-09-19 23:09:00
316,Berlevag,70.8578,29.0864,43.63,76,99,23.17,NO,2021-09-19 23:09:00
317,Qaqortoq,60.7167,-46.0333,43.3,87,31,7.52,GL,2021-09-19 23:09:01
318,Sao Filipe,14.8961,-24.4956,80.06,80,97,11.18,CV,2021-09-19 23:09:01
319,Erzin,36.9559,36.2,76.01,81,1,1.5,TR,2021-09-19 23:09:01
320,Umm Kaddadah,13.6017,26.6876,87.53,41,87,9.06,SD,2021-09-19 23:09:02
321,Bani,18.2833,-70.3333,83.64,77,22,9.01,DO,2021-09-19 23:09:02
322,Buraydah,26.326,43.975,80.65,21,0,10.4,SA,2021-09-19 23:09:02
323,Muroto,33.2833,134.15,78.03,73,62,10.71,JP,2021-09-19 23:09:03
324,Zhigansk,66.7697,123.3711,29.48,86,13,10.58,RU,2021-09-19 23:09:03
325,Vila Do Maio,15.1333,-23.2167,79.59,87,82,10.83,CV,2021-09-19 23:09:03
326,Zolochiv,49.806,24.8944,45.07,95,100,14.27,UA,2021-09-19 23:09:04
327,Bundaberg,-24.85,152.35,76.21,63,0,3.0,AU,2021-09-19 23:09:04
328,Cidreira,-30.1811,-50.2056,66.6,97,91,17.9,BR,2021-09-19 23:09:04
329,Arman,59.7,150.1667,49.12,76,100,6.38,RU,2021-09-19 23:09:05
330,Penne,42.4538,13.9299,73.53,69,9,6.73,IT,2021-09-19 23:09:05
331,Beroroha,-21.6667,45.1667,63.73,63,5,6.87,MG,2021-09-19 23:09:05
332,College,64.8569,-147.8028,49.66,65,40,8.05,US,2021-09-19 23:05:06
333,Kavaratti,10.5669,72.642,81.45,80,100,11.45,IN,2021-09-19 23:09:06
334,Kalino,58.2504,57.6085,32.34,93,74,5.57,RU,2021-09-19 23:09:06
335,Ballina,-28.8667,153.5667,73.78,73,2,6.49,AU,2021-09-19 23:09:06
336,Seymchan,62.8833,152.4333,38.14,83,100,11.1,RU,2021-09-19 23:09:07
337,Coquimbo,-29.9533,-71.3436,56.93,76,20,6.91,CL,2021-09-19 23:09:07
338,Kita,13.0349,-9.4895,73.17,92,63,1.77,ML,2021-09-19 23:09:07
339,Zhuhai,22.2769,113.5678,85.05,94,40,3.44,CN,2021-09-19 23:05:48
340,Kapoeta,4.7717,33.5903,74.12,69,26,3.42,SS,2021-09-19 23:09:08
341,Katherine,-14.4667,132.2667,77.32,44,0,5.75,AU,2021-09-19 23:09:08
342,Mezhdurechenskiy,59.6,65.9333,36.01,97,100,11.45,RU,2021-09-19 23:09:08
343,West Bay,19.3667,-81.4167,86.07,78,20,4.0,KY,2021-09-19 23:09:09
344,Sol-Iletsk,51.1631,54.9918,40.6,55,50,4.36,RU,2021-09-19 23:09:09
345,Bengkulu,-3.8004,102.2655,73.33,90,82,2.75,ID,2021-09-19 23:09:09
346,Birjand,32.8663,59.2211,67.93,24,0,7.18,IR,2021-09-19 23:09:10
347,Dunedin,-45.8742,170.5036,54.23,61,52,5.03,NZ,2021-09-19 23:09:10
348,Sahiwal,30.6667,73.1,84.49,61,4,6.13,PK,2021-09-19 23:09:10
349,Cravo Norte,6.3017,-70.2041,80.4,77,65,0.47,CO,2021-09-19 23:09:11
350,Oyem,1.5995,11.5793,67.55,98,99,2.21,GA,2021-09-19 23:09:11
351,Laohekou,32.3858,111.6678,63.93,89,1,4.45,CN,2021-09-19 23:09:11
352,Kaeo,-35.1,173.7833,66.33,56,26,6.89,NZ,2021-09-19 23:09:12
353,Mogadishu,2.0371,45.3438,77.18,84,7,18.01,SO,2021-09-19 23:09:12
354,Kagalnitskaya,46.8806,40.1466,62.87,80,100,10.49,RU,2021-09-19 23:09:12
355,Ahipara,-35.1667,173.1667,60.46,65,16,6.96,NZ,2021-09-19 23:09:13
356,Cherskiy,68.75,161.3,30.92,57,53,7.27,RU,2021-09-19 23:09:13
357,Kongolo,-5.3833,27.0,75.54,63,53,4.05,CD,2021-09-19 23:09:13
358,Beruwala,6.4788,79.9828,79.23,84,31,3.31,LK,2021-09-19 23:09:14
359,Bengbu,32.9408,117.3608,63.55,93,100,10.89,CN,2021-09-19 23:09:14
360,Kuytun,54.3419,101.5036,46.54,93,99,6.67,RU,2021-09-19 23:09:14
361,Yellapur,14.9667,74.7167,68.76,98,100,1.9,IN,2021-09-19 23:09:14
362,Yar-Sale,66.8333,70.8333,30.02,87,60,21.34,RU,2021-09-19 23:09:15
363,Ust-Tsilma,65.441,52.1498,38.19,75,100,7.07,RU,2021-09-19 23:09:15
364,Grakhovo,56.0502,51.9676,34.56,83,41,4.79,RU,2021-09-19 23:09:15
365,Souillac,-20.5167,57.5167,64.36,64,26,9.31,MU,2021-09-19 23:09:16
366,Hobyo,5.3505,48.5268,77.04,82,95,25.23,SO,2021-09-19 23:05:27
367,San Felipe,10.3399,-68.7425,76.3,85,67,3.58,VE,2021-09-19 23:09:16
368,Aba,5.1066,7.3667,74.71,92,96,3.44,NG,2021-09-19 23:07:16
369,Parksville,49.3163,-124.3195,60.73,92,68,1.01,CA,2021-09-19 23:09:16
370,Ukiah,39.1502,-123.2078,83.12,43,1,9.22,US,2021-09-19 23:09:17
371,Saint-Denis,48.9167,2.3333,62.76,89,90,1.01,FR,2021-09-19 23:09:17
372,Dakar,14.6937,-17.4441,79.68,79,20,9.35,SN,2021-09-19 23:07:27
373,Vila Franca Do Campo,37.7167,-25.4333,68.41,74,68,9.44,PT,2021-09-19 23:09:17
374,Brownsville,25.9018,-97.4975,91.51,64,20,7.0,US,2021-09-19 23:09:18
375,Harper,4.375,-7.7169,77.72,84,74,4.36,LR,2021-09-19 23:09:18
376,Porec,45.2258,13.5939,65.05,75,33,6.98,HR,2021-09-19 23:09:18
377,Tarancon,40.0085,-3.0073,64.65,35,36,4.47,ES,2021-09-19 23:09:19
378,Siderno,38.2779,16.302,79.29,74,0,12.24,IT,2021-09-19 23:09:19
379,Mount Gambier,-37.8333,140.7667,46.31,81,75,20.71,AU,2021-09-19 23:09:19
380,Port Hedland,-20.3167,118.5667,64.45,39,19,9.22,AU,2021-09-19 23:09:19
381,Chinhoyi,-17.3667,30.2,61.14,68,0,4.56,ZW,2021-09-19 23:09:20
382,Goma,-1.6792,29.2228,64.44,84,91,2.33,CD,2021-09-19 23:09:20
383,Punta Cardon,11.6581,-70.215,83.77,67,7,20.38,VE,2021-09-19 23:09:20
384,Galesong,-5.3166,119.3661,75.22,90,100,5.1,ID,2021-09-19 23:09:21
385,Vung Tau,10.346,107.0843,78.57,82,99,5.37,VN,2021-09-19 23:09:21
386,Tsumeb,-19.2333,17.7167,80.64,23,67,1.99,NA,2021-09-19 23:09:21
387,Port Lincoln,-34.7333,135.8667,53.06,58,79,23.26,AU,2021-09-19 23:09:22
388,Alyangula,-13.8483,136.4192,78.49,67,100,9.33,AU,2021-09-19 23:09:22
389,Jibuti,11.5,42.5,89.02,32,49,9.69,DJ,2021-09-19 23:09:22
390,Palmas Bellas,9.2319,-80.0867,78.71,85,100,5.59,PA,2021-09-19 23:09:23
391,Humen,22.819,113.6731,84.2,83,34,3.56,CN,2021-09-19 23:09:23
392,Camacha,33.0833,-16.3333,70.56,73,75,10.36,PT,2021-09-19 23:09:23
393,Kuchera,26.9839,73.9719,81.95,75,99,0.69,IN,2021-09-19 23:09:23
394,Kilindoni,-7.9139,39.6668,76.62,76,31,18.19,TZ,2021-09-19 23:09:24
395,Dalian,38.9122,121.6022,72.63,94,90,20.13,CN,2021-09-19 23:09:24
396,Sola,-13.8833,167.55,79.11,77,84,25.17,VU,2021-09-19 23:06:13
397,Santiago,-33.4569,-70.6483,58.44,54,40,5.75,CL,2021-09-19 23:05:13
398,Mirnyy,62.5353,113.9611,32.22,78,96,7.83,RU,2021-09-19 23:09:24
399,Praia,14.9215,-23.5087,79.34,94,40,8.05,CV,2021-09-19 23:08:30
400,Nortelandia,-14.4547,-56.8028,87.17,17,1,5.3,BR,2021-09-19 23:09:25
401,Rincon,32.296,-81.2354,81.86,83,90,11.5,US,2021-09-19 23:09:25
402,Maroantsetra,-15.4333,49.7333,69.84,88,100,9.26,MG,2021-09-19 23:06:11
403,San Jeronimo,-11.9472,-75.2829,54.12,65,70,6.8,PE,2021-09-19 23:09:25
404,Winnemucca,40.973,-117.7357,64.45,27,90,10.36,US,2021-09-19 23:09:26
405,Smidovich,48.6,133.8167,51.12,59,0,10.67,RU,2021-09-19 23:09:26
406,Acajutla,13.5928,-89.8275,82.89,78,98,5.7,SV,2021-09-19 23:09:26
407,Jutai,-5.1833,-68.9,78.76,77,64,1.97,BR,2021-09-19 23:09:27
408,Isangel,-19.55,169.2667,74.32,59,31,12.48,VU,2021-09-19 23:09:27
409,Shenjiamen,29.9576,122.298,78.06,92,20,21.09,CN,2021-09-19 23:09:27
410,Senno,59.5336,33.9167,38.12,79,100,10.49,RU,2021-09-19 23:09:27
411,Betare Oya,5.6,14.0833,67.42,95,74,1.28,CM,2021-09-19 23:09:28
412,Mount Isa,-20.7333,139.5,80.37,28,4,12.66,AU,2021-09-19 23:09:28
413,Zilair,52.2332,57.4392,29.79,86,66,2.84,RU,2021-09-19 23:09:28
414,Viedma,-40.8135,-62.9967,49.24,94,67,9.57,AR,2021-09-19 23:09:29
415,Waipawa,-41.4122,175.5153,58.93,65,75,7.05,NZ,2021-09-19 23:09:29
416,Bereda,43.2686,-7.5406,55.99,100,79,2.26,ES,2021-09-19 23:09:29
417,Rock Sound,24.9,-76.2,83.57,71,26,9.31,BS,2021-09-19 23:09:30
418,Mahibadhoo,3.7833,72.9667,82.13,78,83,7.09,MV,2021-09-19 23:09:30
419,Tianpeng,30.9866,103.9393,66.4,72,25,4.5,CN,2021-09-19 23:09:30
420,Mizdah,31.4451,12.9801,78.04,23,0,3.94,LY,2021-09-19 23:09:31
421,Rio Cuarto,-33.1307,-64.3499,65.84,63,93,5.86,AR,2021-09-19 23:09:31
422,Portland,45.5234,-122.6762,68.58,76,75,1.01,US,2021-09-19 23:09:17
423,Khash,28.2211,61.2158,72.16,20,0,2.95,IR,2021-09-19 23:09:31
424,Khandyga,62.6667,135.6,33.37,99,100,5.28,RU,2021-09-19 23:09:31
425,Jumla,29.2747,82.1838,57.69,91,19,3.02,NP,2021-09-19 23:09:32
426,San Cosme Y Damian,-27.3167,-56.35,87.98,45,71,6.96,PY,2021-09-19 23:09:32
427,Skotterud,59.9828,12.1283,47.08,70,99,3.04,NO,2021-09-19 23:09:33
428,Kandrian,-6.2167,149.55,80.47,82,93,6.44,PG,2021-09-19 23:09:33
429,Fairbanks,64.8378,-147.7164,48.6,65,40,8.05,US,2021-09-19 23:09:34
430,Isabela,6.7085,121.9711,79.2,81,100,2.13,PH,2021-09-19 23:09:34
431,Arrecife,28.963,-13.5477,73.47,64,20,5.75,ES,2021-09-19 23:09:34
432,At-Bashi,41.1702,75.8106,49.46,31,0,0.76,KG,2021-09-19 23:09:35
433,Sorland,67.667,12.6934,52.18,78,100,12.46,NO,2021-09-19 23:09:35
434,Ankazobe,-18.3167,47.1167,54.01,86,96,6.62,MG,2021-09-19 23:09:35
435,Port Moresby,-9.4431,147.1797,78.49,80,100,6.06,PG,2021-09-19 23:09:35
436,Yulara,-25.2406,130.9889,67.35,26,57,21.63,AU,2021-09-19 23:09:36
437,Igra,57.5558,53.0547,36.79,68,99,4.85,RU,2021-09-19 23:09:36
438,Avera,33.194,-82.5271,82.71,67,100,7.45,US,2021-09-19 23:09:36
439,Nelson Bay,-32.7167,152.15,67.28,63,0,1.01,AU,2021-09-19 23:09:37
440,Chiredzi,-21.05,31.6667,61.84,56,4,4.03,ZW,2021-09-19 23:09:37
441,Derzhavinsk,51.1,66.3167,38.19,60,5,9.78,KZ,2021-09-19 23:09:37
442,Carora,10.1755,-70.0827,82.18,58,88,5.86,VE,2021-09-19 23:09:38
443,Saint Anthony,45.0205,-93.218,88.12,48,1,1.99,US,2021-09-19 23:09:38
444,Sembe,1.6481,14.5806,69.84,98,81,1.72,CG,2021-09-19 23:09:38
445,Yeppoon,-23.1333,150.7333,71.38,62,5,9.28,AU,2021-09-19 23:09:38
446,Barcelos,41.5388,-8.6151,64.92,92,30,5.86,PT,2021-09-19 23:09:05
447,Reinosa,42.9996,-4.138,54.05,95,88,4.27,ES,2021-09-19 23:09:39
448,Algiers,36.7525,3.042,71.42,83,20,2.3,DZ,2021-09-19 23:09:39
449,Machali,-34.1833,-70.6667,54.68,62,75,6.91,CL,2021-09-19 23:09:40
450,Lima,-12.0432,-77.0282,59.25,77,90,12.66,PE,2021-09-19 23:07:30
451,Krasnoselkup,65.7,82.4667,36.75,90,100,6.35,RU,2021-09-19 23:09:40
452,San Cristobal,7.7669,-72.225,77.18,96,56,2.89,VE,2021-09-19 23:09:40
453,Quatre Cocos,-20.2078,57.7625,64.09,62,86,10.96,MU,2021-09-19 23:09:40
454,Grindavik,63.8424,-22.4338,50.47,93,90,26.46,IS,2021-09-19 23:09:41
455,Norman Wells,65.282,-126.8329,45.79,77,100,6.89,CA,2021-09-19 23:09:41
456,Port Hardy,50.6996,-127.4199,57.38,88,75,3.44,CA,2021-09-19 23:09:41
457,Rosarito,32.3333,-117.0333,84.07,65,0,9.48,MX,2021-09-19 23:09:42
458,Gamba,-2.65,10.0,74.44,81,72,4.94,GA,2021-09-19 23:09:42
459,Taunsa,30.7048,70.6505,90.21,41,29,11.36,PK,2021-09-19 23:09:42
460,Ximei,24.9639,118.3794,78.3,88,3,1.59,CN,2021-09-19 23:09:43
461,San Luis,-33.295,-66.3356,61.25,69,50,18.01,AR,2021-09-19 23:07:32
462,Enkoping,59.6361,17.0777,47.82,69,65,5.28,SE,2021-09-19 23:09:43
463,Surt,31.2089,16.5887,83.12,46,0,11.86,LY,2021-09-19 23:09:43
464,Nouadhibou,20.931,-17.0347,73.17,88,58,13.06,MR,2021-09-19 23:09:44
465,Tayoltita,24.0833,-105.9333,75.94,86,31,4.29,MX,2021-09-19 23:09:44
466,Gornopravdinsk,60.05,69.9,35.4,98,100,10.29,RU,2021-09-19 23:09:44
467,Comodoro Rivadavia,-45.8667,-67.5,46.26,66,0,3.44,AR,2021-09-19 23:07:20
468,Ahuimanu,21.4447,-157.8378,89.31,61,40,12.66,US,2021-09-19 23:09:44
469,Zanjan,36.6736,48.4787,65.66,34,0,5.84,IR,2021-09-19 23:09:45
470,Dwarka,22.2394,68.9678,81.54,82,3,12.91,IN,2021-09-19 23:09:45
471,Khuzdar,27.7384,66.6434,78.94,59,8,5.48,PK,2021-09-19 23:09:45
472,Kenai,60.5544,-151.2583,58.03,47,1,6.91,US,2021-09-19 23:09:46
473,Roald,62.5833,6.1333,57.16,94,90,4.61,NO,2021-09-19 23:09:46
474,Te Anau,-45.4167,167.7167,43.02,96,79,7.25,NZ,2021-09-19 23:09:46
475,Buy,58.4786,41.53,32.31,86,72,7.81,RU,2021-09-19 23:09:47
476,Gua Musang,4.8823,101.9644,73.24,99,100,2.66,MY,2021-09-19 23:09:47
477,Viransehir,37.2353,39.7631,76.55,25,0,5.48,TR,2021-09-19 23:09:47
478,Kirakira,-10.4544,161.9205,83.34,76,97,14.12,SB,2021-09-19 23:09:48
479,Manzanillo,20.3433,-77.1167,84.83,62,93,9.53,CU,2021-09-19 23:09:48
480,Loralai,30.3705,68.598,74.59,44,0,5.97,PK,2021-09-19 23:09:48
481,Orlik,52.5178,99.825,44.46,65,89,3.18,RU,2021-09-19 23:09:49
482,Garowe,8.4054,48.4845,77.05,65,81,14.83,SO,2021-09-19 23:09:49
483,Puerto Leguizamo,-0.1934,-74.7819,80.64,69,99,2.77,CO,2021-09-19 23:09:49
484,Kununurra,-15.7667,128.7333,76.98,78,7,4.61,AU,2021-09-19 23:09:49
485,Birmitrapur,22.4,84.7667,72.7,96,67,2.06,IN,2021-09-19 23:09:50
486,Capitao Poco,-1.7464,-47.0594,74.05,93,92,6.33,BR,2021-09-19 23:09:50
487,Fort Smith,35.3859,-94.3986,90.09,53,1,5.75,US,2021-09-19 23:07:03
488,Leiyang,26.4024,112.8591,72.61,93,52,5.61,CN,2021-09-19 23:09:50
489,Besenyotelek,47.7,20.4333,51.58,79,1,6.26,HU,2021-09-19 23:09:51
490,Wanning,18.8003,110.3967,80.33,86,30,1.81,CN,2021-09-19 23:09:51
491,Sur,22.5667,59.5289,81.48,75,59,12.19,OM,2021-09-19 23:09:51
492,Broome,42.2506,-75.833,63.46,62,0,3.15,US,2021-09-19 23:09:52
493,Ouargaye,11.5033,0.0572,77.74,81,40,8.01,BF,2021-09-19 23:09:52
494,Monchegorsk,67.9397,32.8739,35.92,86,4,4.34,RU,2021-09-19 23:09:52
495,Sagar,23.8333,78.7167,71.98,94,44,5.21,IN,2021-09-19 23:09:53
496,Daru,-9.0763,143.2092,77.52,90,99,17.16,PG,2021-09-19 23:09:53
497,Aleksandrov Gay,50.147,48.5704,48.45,41,68,11.01,RU,2021-09-19 23:09:53
498,Malanje,-9.5402,16.341,69.75,74,100,1.12,AO,2021-09-19 23:09:54
499,Kouango,4.9934,19.9619,69.96,96,60,2.35,CF,2021-09-19 23:09:54
500,Belvedere Marittimo,39.6179,15.8617,72.86,84,17,4.21,IT,2021-09-19 23:09:54
501,Russell,32.3502,-85.1999,76.91,91,75,0.0,US,2021-09-19 23:09:55
502,Meulaboh,4.1363,96.1285,73.47,92,100,9.71,ID,2021-09-19 23:09:55
503,Annau,37.8876,58.516,69.3,26,0,6.91,TM,2021-09-19 23:09:55
504,Dingle,10.9995,122.6711,77.07,87,100,2.04,PH,2021-09-19 23:09:56
505,Marzuq,14.4,46.4667,78.64,35,80,2.98,YE,2021-09-19 23:09:56
506,Valparaiso,-33.0393,-71.6273,55.04,71,40,10.36,CL,2021-09-19 23:07:59
507,Ngunguru,-35.6167,174.5,66.16,58,9,7.34,NZ,2021-09-19 23:09:56
508,San Ignacio,17.1561,-89.0714,87.94,70,75,6.91,BZ,2021-09-19 23:09:57
509,Oksfjord,70.2396,22.3479,49.12,77,98,9.26,NO,2021-09-19 23:09:57
510,Margate,51.3813,1.3862,62.31,92,100,8.12,GB,2021-09-19 23:09:57
511,Bay-Khaak,51.1667,94.5,50.13,46,0,2.64,RU,2021-09-19 23:09:57
512,Gunnedah,-30.9833,150.25,62.22,61,0,1.99,AU,2021-09-19 23:09:58
513,Polyarnyy,69.1989,33.4478,25.27,75,30,10.13,RU,2021-09-19 23:09:58
514,Nishihara,26.1842,127.7558,78.85,81,20,6.91,JP,2021-09-19 23:09:58
515,Kapuskasing,49.4169,-82.4331,68.05,52,57,12.5,CA,2021-09-19 23:05:03
516,Soligalich,59.0778,42.2864,31.91,85,77,5.32,RU,2021-09-19 23:09:59
517,Ovsyanka,55.9575,92.5519,49.17,93,79,3.58,RU,2021-09-19 23:09:59
518,Cajaruro,-5.7364,-78.4256,84.24,57,64,3.47,PE,2021-09-19 23:09:59
519,Diego De Almagro,-26.3667,-70.05,60.64,45,10,5.21,CL,2021-09-19 23:09:59
520,Rio Gallegos,-51.6226,-69.2181,50.05,43,40,8.05,AR,2021-09-19 23:10:00
521,Amapa,1.0,-52.0,76.66,78,98,4.99,BR,2021-09-19 23:10:00
522,Cuenca,-2.8833,-78.9833,58.62,81,65,5.19,EC,2021-09-19 23:10:00
523,Padre Bernardo,-15.35,-48.5,80.33,15,38,3.74,BR,2021-09-19 23:10:01
524,Namtsy,62.7161,129.6658,35.71,80,100,10.45,RU,2021-09-19 23:10:01
525,Karpathos,35.507,27.2132,78.76,47,0,9.22,GR,2021-09-19 23:10:04
526,Bowen,-20.0167,148.2333,73.69,60,83,12.75,AU,2021-09-19 23:10:04
527,Ziro,27.6333,93.8333,58.98,98,89,1.14,IN,2021-09-19 23:10:04
528,Presque Isle,46.6811,-68.0159,55.83,63,1,6.91,US,2021-09-19 23:10:05
529,Loreto,22.2667,-101.9667,71.01,46,57,9.69,MX,2021-09-19 23:10:05
530,Vaitape,-16.5167,-151.75,77.95,75,77,18.19,PF,2021-09-19 23:10:05
531,Port Blair,11.6667,92.75,79.97,85,100,3.51,IN,2021-09-19 23:10:06
532,Bilma,18.6853,12.9164,87.58,14,18,4.34,NE,2021-09-19 23:10:06
533,Severomuysk,56.1481,113.4267,38.64,70,11,3.2,RU,2021-09-19 23:10:06
534,Marsabit,2.3284,37.9899,65.75,49,43,20.89,KE,2021-09-19 23:10:07
535,Nago,26.5881,127.9761,79.65,64,50,1.41,JP,2021-09-19 23:10:07
536,Mountain Home,43.133,-115.6912,61.93,63,40,11.5,US,2021-09-19 23:10:07
537,Sept-Iles,50.2001,-66.3821,53.06,85,24,3.0,CA,2021-09-19 23:08:06
538,Bilibino,68.0546,166.4372,24.15,70,37,4.32,RU,2021-09-19 23:10:07
539,Niquelandia,-14.4739,-48.4597,81.63,14,10,3.27,BR,2021-09-19 23:10:08
540,Spornoye,50.8448,37.2913,53.62,94,11,6.46,RU,2021-09-19 23:10:08
541,Cardston,49.2,-113.3019,65.46,36,98,16.08,CA,2021-09-19 23:10:08
542,Mastic Beach,40.7668,-72.8521,72.16,79,1,5.01,US,2021-09-19 23:10:09
543,Fallon,39.4735,-118.7774,74.28,19,75,12.66,US,2021-09-19 23:10:09
544,Tsiroanomandidy,-18.7667,46.0333,64.17,68,93,5.41,MG,2021-09-19 23:10:09
545,Labuan,5.2767,115.2417,75.36,78,96,5.59,MY,2021-09-19 23:10:10
546,Iquitos,-3.7481,-73.2472,86.04,66,40,6.91,PE,2021-09-19 23:10:10
547,Fort-Shevchenko,44.5086,50.263,69.78,38,8,19.55,KZ,2021-09-19 23:10:10
548,Yatou,37.15,122.3833,73.04,84,100,22.7,CN,2021-09-19 23:10:10
549,Mackay,-21.15,149.2,76.05,63,15,8.12,AU,2021-09-19 23:10:11
550,Ormara,25.2088,64.6357,80.76,87,3,15.35,PK,2021-09-19 23:10:11
551,Vestmannaeyjar,63.4427,-20.2734,50.11,94,100,35.19,IS,2021-09-19 23:10:11
552,Columbia,34.0007,-81.0348,82.47,75,75,3.0,US,2021-09-19 23:10:12
553,Namwala,-15.7504,26.4384,68.05,52,0,3.85,ZM,2021-09-19 23:10:12
554,Graham,47.0529,-122.2943,63.86,88,75,1.01,US,2021-09-19 23:10:12
555,Ambatolampy,-19.3833,47.4167,49.77,95,100,3.8,MG,2021-09-19 23:10:13
556,Tres Arroyos,-38.3739,-60.2798,58.15,87,92,4.25,AR,2021-09-19 23:10:13
557,Talcahuano,-36.7167,-73.1167,55.08,62,20,14.97,CL,2021-09-19 23:10:13
558,Havelock,34.8791,-76.9013,80.94,79,43,7.61,US,2021-09-19 23:10:14
559,Shimoda,34.6667,138.95,73.6,61,2,15.82,JP,2021-09-19 23:10:14
560,Esteli,13.0919,-86.3538,75.49,80,100,3.67,NI,2021-09-19 23:10:14
561,Nurota,40.5614,65.6886,64.49,31,3,10.27,UZ,2021-09-19 23:10:15
562,San Luis De Palenque,5.4214,-71.7317,81.5,70,98,3.71,CO,2021-09-19 23:10:15
563,Port Augusta,-32.5,137.7667,57.34,46,95,19.91,AU,2021-09-19 23:10:15
564,Lubang,13.8584,120.124,81.28,79,98,12.12,PH,2021-09-19 23:10:15
565,Yankton,42.8711,-97.3973,88.05,40,1,21.85,US,2021-09-19 23:10:16
566,Saint-Joseph,-21.3667,55.6167,62.98,70,4,5.48,RE,2021-09-19 23:10:16
567,Tucupita,9.0622,-62.051,77.7,85,99,4.16,VE,2021-09-19 23:10:16
568,Santa Isabel,-23.3156,-46.2214,70.9,91,9,3.29,BR,2021-09-19 23:10:17
569,Kathu,7.9178,98.3332,76.82,77,100,12.17,TH,2021-09-19 23:10:17
570,Tezu,27.9167,96.1667,73.62,81,2,3.31,IN,2021-09-19 23:10:17
571,Presidencia Roque Saenz Pena,-26.7852,-60.4388,89.94,25,98,7.02,AR,2021-09-19 23:10:18
572,Ust-Kuyga,70.0167,135.6,30.85,58,58,5.41,RU,2021-09-19 23:10:18
573,Maraba,-5.3686,-49.1178,82.0,52,76,3.09,BR,2021-09-19 23:10:18
574,Nioro,13.35,-15.75,78.1,88,100,4.05,GM,2021-09-19 23:10:19
575,The Valley,18.217,-63.0578,81.1,94,20,4.61,AI,2021-09-19 23:10:19
576,Porto Belo,-27.1578,-48.5531,69.8,96,100,7.31,BR,2021-09-19 23:10:19
577,Erdenet,49.0333,104.0833,46.04,91,28,3.22,MN,2021-09-19 23:10:19
578,Edson,53.5835,-116.4356,51.04,66,100,7.76,CA,2021-09-19 23:10:20
579,Beaufort,5.3473,115.7455,75.25,92,80,2.33,MY,2021-09-19 23:08:08
580,Lumeje,-11.55,20.7833,68.27,62,81,6.44,AO,2021-09-19 23:10:20
581,Evanston,42.0411,-87.6901,88.34,62,75,1.99,US,2021-09-19 23:10:20
582,Amuntai,-2.4177,115.2494,72.84,85,75,0.65,ID,2021-09-19 23:10:21
583,Koumac,-20.5667,164.2833,75.49,50,13,3.85,NC,2021-09-19 23:10:21
584,Adrar,20.5022,-10.0711,90.52,26,3,24.32,MR,2021-09-19 23:10:21
585,Bastrop,32.7562,-91.8724,81.82,89,71,3.65,US,2021-09-19 23:10:22
586,Stephenville,32.2207,-98.2023,95.34,29,1,5.75,US,2021-09-19 23:10:22
587,Marawi,7.9986,124.2928,65.64,95,100,1.07,PH,2021-09-19 23:10:22
588,Batemans Bay,-35.7167,150.1833,67.19,39,0,8.97,AU,2021-09-19 23:10:22
589,Copalillo,18.0333,-99.1167,78.78,73,68,1.72,MX,2021-09-19 23:10:23
590,Sibolga,1.7427,98.7792,73.58,87,99,2.48,ID,2021-09-19 23:10:23
591,Gashua,12.871,11.0482,82.58,57,37,9.4,NG,2021-09-19 23:10:23
592,Wenshang,35.7275,116.4961,60.78,95,100,14.88,CN,2021-09-19 23:10:24
593,Ambon,-3.6954,128.1814,75.34,94,75,1.14,ID,2021-09-19 23:10:24
594,Kropachevo,55.0112,57.9896,35.1,69,100,6.82,RU,2021-09-19 23:10:24
595,Milove,49.3787,40.1302,59.45,95,100,10.71,UA,2021-09-19 23:10:25
596,Bria,6.5423,21.9863,68.77,97,100,2.19,CF,2021-09-19 23:10:25
597,Jilib,0.4883,42.7854,75.02,81,18,10.76,SO,2021-09-19 23:10:25
598,Trincomalee,8.5711,81.2335,79.84,84,98,8.21,LK,2021-09-19 23:10:26
599,San Carlos De Bariloche,-41.1456,-71.3082,44.35,57,20,14.97,AR,2021-09-19 23:10:26
600,Hohhot,40.8106,111.6522,56.66,81,91,1.99,CN,2021-09-19 23:10:26
601,Turkistan,43.0,68.0,59.11,26,10,11.9,KZ,2021-09-19 23:10:26
602,Denpasar,-8.65,115.2167,76.66,100,40,5.75,ID,2021-09-19 23:10:17
603,Warmbad,-28.45,18.7333,50.83,68,0,8.93,NA,2021-09-19 23:10:27
604,Leh,34.1667,77.5833,57.81,37,0,3.36,IN,2021-09-19 23:10:27
605,Batagay,67.6333,134.6333,28.83,84,76,3.04,RU,2021-09-19 23:10:27
606,Itamaraca,-7.7478,-34.8256,77.05,76,87,12.66,BR,2021-09-19 23:10:28
607,Sao Jose Dos Campos,-23.1794,-45.8869,71.67,77,0,6.91,BR,2021-09-19 23:10:28
608,Umtata,-31.5889,28.7844,56.53,84,24,2.59,ZA,2021-09-19 23:10:28
609,Coahuayana,18.7333,-103.6833,85.48,76,99,2.64,MX,2021-09-19 23:10:29
610,Huarmey,-10.0681,-78.1522,62.47,79,10,10.85,PE,2021-09-19 23:10:29
611,Fort Nelson,58.8053,-122.7002,57.4,40,60,4.54,CA,2021-09-19 23:10:29
612,Asmara,15.3333,38.9333,61.77,54,40,3.56,ER,2021-09-19 23:10:30
613,Doka,13.5167,35.7667,73.38,89,34,5.86,SD,2021-09-19 23:10:30
614,Centralia,46.7162,-122.9543,64.94,78,75,5.75,US,2021-09-19 23:06:04
615,Nara,34.6851,135.8049,74.48,76,41,1.92,JP,2021-09-19 23:10:30
616,Villamontes,-21.25,-63.5,94.44,25,1,15.52,BO,2021-09-19 23:10:30
617,Alberton,46.8168,-64.0654,53.89,60,0,14.45,CA,2021-09-19 23:10:31
618,Witu,-2.3889,40.4382,77.16,81,11,14.25,KE,2021-09-19 23:10:31
619,Punta Alta,-38.8759,-62.0736,54.63,98,100,7.27,AR,2021-09-19 23:09:51
620,Saint-Leu,-21.15,55.2833,63.46,65,11,11.14,RE,2021-09-19 23:10:31
621,San Vicente,-26.6167,-54.1333,74.86,58,100,2.93,AR,2021-09-19 23:10:32
622,Strezhevoy,60.7333,77.5889,39.18,95,100,6.96,RU,2021-09-19 23:10:32
623,Guanay,-15.4975,-67.8797,75.24,88,75,2.57,BO,2021-09-19 23:10:32
624,Akdepe,42.0551,59.3788,53.69,39,0,9.95,TM,2021-09-19 23:10:33
625,Delijan,33.9905,50.6838,73.83,24,0,2.62,IR,2021-09-19 23:07:15
626,Polunochnoye,60.8697,60.4153,31.23,86,61,7.0,RU,2021-09-19 23:10:33
627,Nelson,-41.2833,173.2833,60.44,80,79,5.99,NZ,2021-09-19 23:10:33
628,Aksarka,66.5606,67.7975,31.84,88,53,23.98,RU,2021-09-19 23:10:33
629,Chamba,32.5667,76.1333,73.09,85,22,2.91,IN,2021-09-19 23:10:34
630,Kholmsk,47.0511,142.0569,50.68,56,1,8.72,RU,2021-09-19 23:10:34
631,Richards Bay,-28.783,32.0377,65.55,70,73,16.87,ZA,2021-09-19 23:10:34
632,Dungarpur,23.8333,73.7167,74.64,94,53,5.91,IN,2021-09-19 23:10:35
633,Kudahuvadhoo,2.6708,72.8944,82.13,76,87,7.18,MV,2021-09-19 23:10:35
634,Jalapa,19.5333,-96.9167,67.51,93,98,2.73,MX,2021-09-19 23:06:44
635,Shelabolikha,53.4131,82.6167,42.26,84,98,12.39,RU,2021-09-19 23:10:35
636,Melilla,35.2937,-2.9383,71.98,78,20,4.61,ES,2021-09-19 23:10:36
637,Urumqi,43.801,87.6005,74.35,23,0,13.42,CN,2021-09-19 23:10:07
638,Seydi,39.4816,62.9137,65.89,25,0,12.91,TM,2021-09-19 23:10:36
639,Evans,33.5337,-82.1307,82.6,77,1,3.0,US,2021-09-19 23:08:25
640,Jishou,28.3167,109.7167,70.57,98,65,0.83,CN,2021-09-19 23:10:36
641,Sioux Lookout,50.1001,-91.917,79.09,55,83,14.18,CA,2021-09-19 23:10:37
642,Chontalpa,17.7,-93.5167,83.62,81,83,4.07,MX,2021-09-19 23:10:37
643,Casper,42.8666,-106.3131,74.01,34,75,13.8,US,2021-09-19 23:10:35
644,Halifax,44.6453,-63.5724,60.01,70,0,5.01,CA,2021-09-19 23:07:39
645,Nagaur,27.2,73.7333,83.08,72,99,1.92,IN,2021-09-19 23:10:37
646,Puerto Escondido,15.85,-97.0667,86.83,51,40,6.91,MX,2021-09-19 23:10:38
647,Nieuw Nickerie,5.95,-56.9833,81.0,79,94,11.05,SR,2021-09-19 23:10:38
648,Itoman,26.1247,127.6694,79.57,80,20,3.44,JP,2021-09-19 23:10:38
649,General Roca,-39.0333,-67.5833,61.2,27,61,10.27,AR,2021-09-19 23:10:39
650,Ostersund,63.1792,14.6357,43.25,81,90,10.36,SE,2021-09-19 23:10:39
651,Yibin,28.7667,104.6238,66.56,92,1,2.19,CN,2021-09-19 23:10:39
652,Kanye,-24.9667,25.3327,61.84,39,4,11.95,BW,2021-09-19 23:10:39
653,Buchanan,5.8808,-10.0467,77.07,87,95,5.57,LR,2021-09-19 23:10:40
654,Blind River,46.1834,-82.9582,64.65,64,0,9.98,CA,2021-09-19 23:10:40
655,Rudbar,30.15,62.6,75.94,26,0,9.06,AF,2021-09-19 23:10:40
656,Aripuana,-9.1667,-60.6333,83.41,49,76,1.7,BR,2021-09-19 23:10:41
657,Sao Marcos,-28.9711,-51.0681,66.38,97,82,0.94,BR,2021-09-19 23:10:41
658,Nazareno,25.3833,-103.4167,91.71,21,2,11.65,MX,2021-09-19 23:10:41
659,Sonoita,31.85,-112.8333,97.54,23,0,15.08,MX,2021-09-19 23:10:41
660,High Level,58.5169,-117.136,52.18,65,98,7.02,CA,2021-09-19 23:08:23
661,Kidal,18.4411,1.4078,90.57,16,2,4.5,ML,2021-09-19 23:10:42
662,Mandalgovi,45.7625,106.2708,48.38,94,8,8.63,MN,2021-09-19 23:08:07
663,Kathmandu,27.7167,85.3167,71.82,94,40,2.3,NP,2021-09-19 23:10:42
664,Sheregesh,52.9209,87.9869,39.56,92,100,8.55,RU,2021-09-19 23:10:43
665,Lubao,14.9167,120.55,78.15,86,100,3.09,PH,2021-09-19 23:10:43
666,Mantua,45.1667,10.7833,61.83,84,62,1.99,IT,2021-09-19 23:10:43
667,Qiyang,26.5911,111.8474,73.33,93,96,4.09,CN,2021-09-19 23:10:44
668,Wuwei,37.9281,102.6414,59.68,31,0,7.49,CN,2021-09-19 23:10:44
669,Darasun,51.6667,114.0,37.94,89,100,0.69,RU,2021-09-19 23:10:44
670,Buritis,-15.6178,-46.4233,81.73,24,25,3.24,BR,2021-09-19 23:10:44
671,Olafsvik,64.8945,-23.7142,48.38,90,100,21.65,IS,2021-09-19 23:10:45
672,Brigantine,39.4101,-74.3646,72.5,72,1,4.61,US,2021-09-19 23:07:21
673,Sarakhs,36.5449,61.1577,69.13,26,0,4.61,IR,2021-09-19 23:10:45
674,Hasilpur,29.7122,72.5553,88.3,52,31,6.98,PK,2021-09-19 23:10:45
675,Sain Alto,23.5833,-103.25,72.34,44,84,3.31,MX,2021-09-19 23:10:46
676,Zaraza,9.3503,-65.3245,78.1,81,78,2.82,VE,2021-09-19 23:10:46
677,Roma,43.2128,-75.4557,64.87,71,1,4.61,US,2021-09-19 23:09:07
678,Kutum,14.2,24.6667,78.84,39,44,7.11,SD,2021-09-19 23:10:46
679,Lincoln,40.8,-96.667,89.67,47,1,7.0,US,2021-09-19 23:10:46
680,Poum,-20.2333,164.0167,72.57,62,6,15.93,NC,2021-09-19 23:10:47
681,Rafraf,37.1904,10.1837,75.51,80,0,16.75,TN,2021-09-19 23:10:47
682,Medina Del Campo,41.3124,-4.9141,58.71,43,37,2.21,ES,2021-09-19 23:10:47
683,Nizhniy Ingash,56.2,96.53,50.74,91,100,2.91,RU,2021-09-19 23:10:48
684,Tual,-5.6667,132.75,79.93,81,74,18.05,ID,2021-09-19 23:10:48
685,Proletarskiy,50.7914,35.7731,53.69,90,64,3.65,RU,2021-09-19 23:10:48
686,Eureka,40.8021,-124.1637,72.75,73,47,9.08,US,2021-09-19 23:10:48
